{"sections":{"main":{"type":"main-article","blocks":{"featured_image":{"type":"featured_image","settings":{"image_height":"adapt"}},"title":{"type":"title","settings":{"blog_show_date":true,"blog_show_author":false}},"share":{"type":"share","settings":{"share_label":"Share"}},"table_of_contents_theme_extension_ndhTec":{"type":"shopify:\/\/apps\/table-of-contents\/blocks\/theme-extension\/d06f5754-affb-4dc7-a2a9-18d74d225f70","settings":{}},"content":{"type":"content","settings":{}}},"block_order":["featured_image","title","share","table_of_contents_theme_extension_ndhTec","content"],"settings":{}}},"order":["main"]}